{
  "model": {
    "type": "minecraft:select",
    "property": "minecraft:custom_model_data",
    "cases": [
      {
        "when": 1001,
        "model": {
          "type": "minecraft:model",
          "model": "minecraft:item/relic_valor"
        }
      },
      {
        "when": 1002,
        "model": {
          "type": "minecraft:model",
          "model": "minecraft:item/relic_havoc"
        }
      },
      {
        "when": 1003,
        "model": {
          "type": "minecraft:model",
          "model": "minecraft:item/relic_swiftness"
        }
      },
      {
        "when": 1004,
        "model": {
          "type": "minecraft:model",
          "model": "minecraft:item/relic_shadows"
        }
      },
      {
        "when": 1005,
        "model": {
          "type": "minecraft:model",
          "model": "minecraft:item/relic_vitality"
        }
      }
    ],
    "fallback": {
      "type": "minecraft:model",
      "model": "minecraft:item/knowledge_book"
    }
  }
}