{
  "parent": "item/generated",
  "textures": {
    "layer0": "minecraft:item/knowledge_book"
  },
  "overrides": [
    { "predicate": { "custom_model_data": 1001 }, "model": "item/relic_valor" },
    { "predicate": { "custom_model_data": 1002 }, "model": "item/relic_havoc" },
    { "predicate": { "custom_model_data": 1003 }, "model": "item/relic_swiftness" },
    { "predicate": { "custom_model_data": 1004 }, "model": "item/relic_shadows" },
    { "predicate": { "custom_model_data": 1005 }, "model": "item/relic_vitality" }
  ]
}