{
  "model": {
    "type": "minecraft:select",
    "property": "minecraft:custom_model_data",
    "cases": [
      { "when": "relic_valor", "model": { "type": "minecraft:model", "model": "minecraft:item/relic_valor" } },
      { "when": "relic_havoc", "model": { "type": "minecraft:model", "model": "minecraft:item/relic_havoc" } },
      { "when": "relic_swiftness", "model": { "type": "minecraft:model", "model": "minecraft:item/relic_swiftness" } },
      { "when": "relic_shadows", "model": { "type": "minecraft:model", "model": "minecraft:item/relic_shadows" } },
      { "when": "relic_vitality", "model": { "type": "minecraft:model", "model": "minecraft:item/relic_vitality" } }
    ],
    "fallback": { "type": "minecraft:model", "model": "minecraft:item/knowledge_book" }
  }
}